THRM,Gentherm Inc,NASDAQ,$1.39B,$4055.94,Capital Goods
NSH,"Nustar GP Holdings, LLC",NYSE,$1.03B,$8887.47,Energy
CECO,Career Education Corporation,NASDAQ,$677.17M,$8448.78,Consumer Services
AVT,"Avnet, Inc.",NYSE,$4.82B,$8312.66,Consumer Non-Durables
PENN,"Penn National Gaming, Inc.",NASDAQ,$1.95B,$6131.11,Consumer Services
PRTA,Prothena Corporation plc,NASDAQ,$2B,$8721.31,Health Care
EGHT,8x8 Inc,NASDAQ,$1.35B,$7019.44,Public Utilities
USM,United States Cellular Corporation,NYSE,$3.3B,$6458.19,Public Utilities
DLNG^A,Dynagas LNG Partners LP,NYSE,n/a,$7369.01,n/a
IIM,Invesco Value Municipal Income Trust,NYSE,$713.38M,$7581.40,n/a
PL^C,Protective Life Corporation,NYSE,n/a,$6786.01,n/a
FCA,First Trust China AlphaDEX Fund,NASDAQ,$4.63M,$7534.62,n/a
PER,SandRidge Permian Trust,NYSE,$150.94M,$9525.32,Energy
RESN,Resonant Inc.,NASDAQ,$57.73M,$4897.85,Technology
ESES,"Eco-Stim Energy Solutions, Inc.",NASDAQ,$18.78M,$9894.61,Energy
CFA,VictoryShares US 500 Volatility Wtd ETF,NASDAQ,$8.83M,$8159.86,n/a
FEO,First Trust/Aberdeen Emerging Opportunity Fund,NYSE,$84.47M,$8553.86,n/a
RBPAA,"Royal Bancshares of Pennsylvania, Inc.",NASDAQ,$126.83M,$2861.72,Finance
XNCR,"Xencor, Inc.",NASDAQ,$934.3M,$4459.18,Health Care
SFM,"Sprouts Farmers Market, Inc.",NASDAQ,$2.89B,$6986.28,Consumer Services
STOR,STORE Capital Corporation,NYSE,$3.62B,$4440.66,Consumer Services
LBRDK,Liberty Broadband Corporation,NASDAQ,$16B,$1573.58,Consumer Services
SRUN,Silver Run Acquisition Corporation II,NASDAQ,$1.29B,$6985.82,Finance
MPLX,MPLX LP,NYSE,$12.54B,$2321.50,Energy
QTNA,"Quantenna Communications, Inc.",NASDAQ,$650.38M,$7612.84,Technology
TEAR,TearLab Corporation,NASDAQ,$9.01M,$1831.97,Health Care
TISA,"Top Image Systems, Ltd.",NASDAQ,$22.92M,$6152.48,Technology
IPI,"Intrepid Potash, Inc",NYSE,$281.36M,$4362.94,Basic Industries
MSTR,MicroStrategy Incorporated,NASDAQ,$2.09B,$7938.39,Technology
SGRP,"SPAR Group, Inc.",NASDAQ,$21.07M,$6462.84,Miscellaneous
AXAR,Axar Acquisition Corp.,NASDAQ,$83.79M,$4272.12,Finance
OPB,Opus Bank,NASDAQ,$795.23M,$1382.10,n/a
JHY,Nuveen High Income 2020 Target Term Fund,NYSE,$145.49M,$9300.12,n/a
HBHCL,Hancock Holding Company,NASDAQ,n/a,$5377.89,Finance
EMITF,Elbit Imaging Ltd.,NASDAQ,$27.57M,$3522.20,Consumer Services
TRIP,"TripAdvisor, Inc.",NASDAQ,$5.35B,$3138.56,Technology
ELTK,Eltek Ltd.,NASDAQ,$6.8M,$6471.55,Technology
AED,Aegon NV,NYSE,n/a,$7751.09,Finance
VONE,Vanguard Russell 1000 ETF,NASDAQ,$693.72M,$9644.46,n/a
TFX,Teleflex Incorporated,NYSE,$9.03B,$4706.91,Health Care
CMI,Cummins Inc.,NYSE,$27.14B,$1933.71,Energy
AVGO,Broadcom Limited,NASDAQ,$96.06B,$8436.94,Technology
FEP,First Trust Europe AlphaDEX Fund,NASDAQ,$433.94M,$9730.77,n/a
NDRAU,ENDRA Life Sciences Inc.,NASDAQ,n/a,$5688.95,Health Care
EDAP,EDAP TMS S.A.,NASDAQ,$105.14M,$5480.03,Health Care
LBRDK,Liberty Broadband Corporation,NASDAQ,$16B,$1495.25,Consumer Services
SIR,Select Income REIT,NASDAQ,$2.21B,$4872.82,Consumer Services
ESGR,Enstar Group Limited,NASDAQ,$3.84B,$7125.94,Finance
LMBS,First Trust Low Duration Opportunities ETF,NASDAQ,$582.59M,$6972.52,n/a
FLAT,iPath US Treasury Flattener ETN,NASDAQ,$3.49M,$8639.09,Finance
PPH,VanEck Vectors Pharmaceutical ETF,NASDAQ,$285.13M,$2021.61,n/a
SMI,Semiconductor  Manufacturing International Corporation,NYSE,$5.28B,$5913.69,Technology
AGNCB,AGNC Investment Corp.,NASDAQ,$9.12B,$8358.95,Consumer Services
JNCE,"Jounce Therapeutics, Inc.",NASDAQ,$498.65M,$4547.03,Health Care
YLDE,ClearBridge Dividend Strategy ESG ETF,NASDAQ,n/a,$6816.11,n/a
PBBI,"PB Bancorp, Inc.",NASDAQ,$81.84M,$4295.89,Finance
CPK,Chesapeake Utilities Corporation,NYSE,$1.23B,$9749.03,Public Utilities
SPI,"SPI Energy Co., Ltd.",NASDAQ,$50.64M,$4615.62,Technology
DYN^A,Dynegy Inc.,NYSE,n/a,$8008.07,n/a
EUFN,iShares MSCI Europe Financials Sector Index Fund,NASDAQ,$1.15B,$1604.37,n/a
ORBC,ORBCOMM Inc.,NASDAQ,$789.19M,$3393.63,Consumer Services
SBLK,Star Bulk Carriers Corp.,NASDAQ,$516.53M,$2607.63,Transportation
ETJ,Eaton Vance Risk-Managed Diversified Equity Income Fund,NYSE,$601.02M,$7395.47,n/a
CSA,VictoryShares US Small Cap Volatility Wtd ETF,NASDAQ,$2.17B,$7697.18,n/a
FTFT,Future FinTech Group Inc.,NASDAQ,$13.09M,$3232.78,Consumer Non-Durables
WAFDW,"Washington Federal, Inc.",NASDAQ,n/a,$9874.07,Finance
DLR^I,"Digital Realty Trust, Inc.",NYSE,n/a,$3038.58,n/a
ACRE,Ares Commercial Real Estate Corporation,NYSE,$394.2M,$9859.24,Consumer Services
DSKE,"Daseke, Inc.",NASDAQ,$378.29M,$4199.60,Consumer Services
BYM,Blackrock Municipal Income Quality Trust,NYSE,$379.99M,$6201.39,n/a
KAP,"KCAP Financial, Inc.",NYSE,n/a,$6349.56,n/a
IIF,"Morgan Stanley India Investment Fund, Inc.",NYSE,$491.37M,$7449.92,n/a
FLS,Flowserve Corporation,NYSE,$6.2B,$7186.41,Capital Goods
ASYS,"Amtech Systems, Inc.",NASDAQ,$106.79M,$9779.53,Technology
MSP,Madison Strategic Sector Premium Fund,NYSE,$69.05M,$4060.03,n/a
CVCY,Central Valley Community Bancorp,NASDAQ,$277.95M,$5483.50,Finance
LOW,"Lowe's Companies, Inc.",NYSE,$67.37B,$2748.29,Consumer Services
INTU,Intuit Inc.,NASDAQ,$35.74B,$1146.89,Technology
TISA,"Top Image Systems, Ltd.",NASDAQ,$22.92M,$6134.58,Technology
USEG,U.S. Energy Corp.,NASDAQ,$4.6M,$5926.98,Energy
WUBA,58.com Inc.,NYSE,$5.96B,$4951.88,Technology
NMT,Nuveen Massachusetts Municipal Income Fund,NYSE,$128.91M,$3736.49,n/a
ADRO,"Aduro Biotech, Inc.",NASDAQ,$737.59M,$2636.92,Health Care
KBSF,KBS Fashion Group Limited,NASDAQ,$4.62M,$6856.49,Consumer Non-Durables
KMI^A,"Kinder Morgan, Inc.",NYSE,n/a,$1493.47,n/a
ADRD,BLDRS Developed Markets 100 ADR Index Fund,NASDAQ,$60.17M,$2828.69,n/a
SCACU,Saban Capital Acquisition Corp.,NASDAQ,n/a,$4511.69,n/a
ILG,"ILG, Inc",NASDAQ,$3.46B,$7662.73,Finance
KBWD,PowerShares KBW High Dividend Yield Financial Portfolio,NASDAQ,$304.71M,$9583.41,n/a
GOVNI,Government Properties Income Trust,NASDAQ,n/a,$2214.34,Finance
SM,SM Energy Company,NYSE,$1.74B,$9163.22,Energy
ASNA,"Ascena Retail Group, Inc.",NASDAQ,$425.18M,$2237.68,Consumer Services
FYC,First Trust Small Cap Growth AlphaDEX Fund,NASDAQ,$104.39M,$8910.35,n/a
BONT,"The Bon-Ton Stores, Inc.",NASDAQ,$10.54M,$2407.45,Consumer Services
CBA           ,ClearBridge American Energy MLP Fund Inc.,NYSE,$508.59M,$6582.46,n/a
NTES,"NetEase, Inc.",NASDAQ,$38.98B,$2081.80,Miscellaneous
CGO,Calamos Global Total Return Fund,NASDAQ,$111.57M,$8025.72,n/a
ATRS,"Antares Pharma, Inc.",NASDAQ,$452.19M,$6266.28,Health Care
WY,Weyerhaeuser Company,NYSE,$25.31B,$6961.65,Consumer Services
VRSN,"VeriSign, Inc.",NASDAQ,$9.38B,$3918.75,Technology
EARN,Ellington Residential Mortgage REIT,NYSE,$140.16M,$2325.25,Consumer Services
CIVBP,"Civista Bancshares, Inc. ",NASDAQ,n/a,$6604.43,Finance
HQY,"HealthEquity, Inc.",NASDAQ,$3.07B,$2926.10,Miscellaneous
IVC,Invacare Corporation,NYSE,$399.95M,$8765.86,Health Care
MELI,"MercadoLibre, Inc.",NASDAQ,$11.63B,$5707.06,Miscellaneous
ASBB,"ASB Bancorp, Inc.",NASDAQ,$167.24M,$1107.62,Finance
GLOP,GasLog Partners LP,NYSE,$855.22M,$6609.09,Consumer Services
HR,Healthcare Realty Trust Incorporated,NYSE,$4.14B,$6955.04,Consumer Services
ENG,ENGlobal Corporation,NASDAQ,$31.21M,$4900.66,Consumer Services
IPL^D,Interstate Power and Light Company,NYSE,n/a,$5883.42,n/a
SITE,"SiteOne Landscape Supply, Inc.",NYSE,$1.97B,$8998.13,Consumer Non-Durables
CPK,Chesapeake Utilities Corporation,NYSE,$1.23B,$8015.69,Public Utilities
FGP,"Ferrellgas Partners, L.P.",NYSE,$508.11M,$3669.55,Consumer Services
ARKR,Ark Restaurants Corp.,NASDAQ,$85.01M,$3218.70,Consumer Services
QCOM,QUALCOMM Incorporated,NASDAQ,$83.95B,$1409.81,Technology
CBK,Christopher & Banks Corporation,NYSE,$48.91M,$2202.89,Consumer Services
GFNSL,General Finance Corporation,NASDAQ,n/a,$2450.60,Technology
WHFBL,"WhiteHorse Finance, Inc.",NASDAQ,n/a,$3295.46,n/a
AYA,Amaya Inc.,NASDAQ,$2.62B,$3822.08,Technology
RATE,"Bankrate, Inc.",NYSE,$1.01B,$3220.66,Technology
OIBR.C,Oi S.A.,NYSE,n/a,$9941.83,n/a
GLYC,"GlycoMimetics, Inc.",NASDAQ,$396.21M,$8582.23,Health Care
GOV,Government Properties Income Trust,NASDAQ,$1.61B,$4235.58,Finance
HUN,Huntsman Corporation,NYSE,$6.06B,$5652.04,Basic Industries
LBIX,Leading Brands Inc,NASDAQ,$5.24M,$9861.75,Consumer Non-Durables
VEACU,Vantage Energy Acquisition Corp.,NASDAQ,n/a,$4736.59,Finance
DHR,Danaher Corporation,NYSE,$58.64B,$2983.70,Capital Goods
FARM,Farmer Brothers Company,NASDAQ,$517.13M,$8353.72,Consumer Non-Durables
ACH,Aluminum Corporation of China Limited,NYSE,$7.15B,$3637.29,Basic Industries
FL,"Foot Locker, Inc.",NYSE,$6.83B,$9688.56,Consumer Services
PSA^D,Public Storage,NYSE,n/a,$9304.03,Consumer Services
HQY,"HealthEquity, Inc.",NASDAQ,$3.07B,$8892.28,Miscellaneous
NM^H,Navios Maritime Holdings Inc.,NYSE,n/a,$3365.57,n/a
NS^A,Nustar Energy L.P.,NYSE,n/a,$2199.43,n/a
STAR^F,iStar Financial Inc.,NYSE,n/a,$6407.86,n/a
ICD,"Independence Contract Drilling, Inc.",NYSE,$144.44M,$4043.06,Energy
GUT,Gabelli Utility Trust (The),NYSE,$296.84M,$8430.16,n/a
FCVT,First Trust SSI Strategic Convertible Securities ETF,NASDAQ,$38.77M,$5170.15,n/a
TOO^A,Teekay Offshore Partners L.P.,NYSE,n/a,$1508.13,n/a
EGL,"Engility Holdings, Inc.",NYSE,$1.05B,$9152.19,Consumer Services
IFON,InfoSonics Corp,NASDAQ,$6.33M,$6740.85,Consumer Non-Durables
JPC,Nuveen Preferred Income Opportunites Fund,NYSE,$999.98M,$6832.17,n/a
AFC,Ares Capital Corporation,NYSE,$206.36M,$2256.60,n/a
ELY,Callaway Golf Company,NYSE,$1.14B,$6655.24,Consumer Non-Durables
AHPAU,Avista Healthcare Public Acquisition Corp.,NASDAQ,n/a,$7548.82,Finance
EFSC,Enterprise Financial Services Corporation,NASDAQ,$965.1M,$2275.44,Finance
FBK,FB Financial Corporation,NYSE,$877.03M,$6656.11,Finance
AKBA,"Akebia Therapeutics, Inc.",NASDAQ,$548.36M,$2362.23,Health Care
ANH^B,Anworth Mortgage Asset  Corporation,NYSE,n/a,$3237.70,n/a
TRCB,Two River Bancorp,NASDAQ,$144.38M,$3992.88,Finance
GEB,General Electric Company,NYSE,n/a,$7573.11,Energy
HYI,Western Asset High Yield Defined Opportunity Fund Inc.,NYSE,$353.6M,$2553.47,n/a
CYAN,Cyanotech Corporation,NASDAQ,$19.78M,$7467.81,Consumer Durables
BGNE,"BeiGene, Ltd.",NASDAQ,$1.66B,$6360.08,Health Care
DRE,Duke Realty Corporation,NYSE,$10.25B,$7268.76,Consumer Services
NM^G,Navios Maritime Holdings Inc.,NYSE,n/a,$2880.52,n/a
APTS,"Preferred Apartment Communities, Inc.",NYSE,$497.06M,$2348.62,Consumer Services
ARDC,"Ares Dynamic Credit Allocation Fund, Inc.",NYSE,$378.21M,$2745.52,n/a
ADMS,"Adamas Pharmaceuticals, Inc.",NASDAQ,$391.07M,$5223.58,Health Care
IBM,International Business Machines Corporation,NYSE,$145.98B,$2979.29,Technology
COF.WS,Capital One Financial Corporation,NYSE,n/a,$4690.91,n/a
PACW,PacWest Bancorp,NASDAQ,$5.87B,$8328.96,Finance
GTYHU,"GTY Technology Holdings, Inc.",NASDAQ,n/a,$6476.83,n/a
IIPR,"Innovative Industrial Properties, Inc.",NYSE,$61.03M,$1782.04,Finance
JKHY,"Jack Henry & Associates, Inc.",NASDAQ,$8.14B,$9571.15,Technology
Z,"Zillow Group, Inc.",NASDAQ,$8.4B,$9509.89,Miscellaneous
LND,Brasilagro Cia Brasileira De Propriedades Agricolas,NYSE,$218.35M,$1277.58,n/a
CCU,"Compania Cervecerias Unidas, S.A.",NYSE,$4.88B,$3495.98,Consumer Non-Durables
CVO,Cenveo Inc,NYSE,$52.17M,$2357.59,Consumer Durables
SRTSW,"Sensus Healthcare, Inc.",NASDAQ,n/a,$2733.71,Health Care
OHAI,OHA Investment Corporation,NASDAQ,$24.59M,$7632.62,n/a
MGA,"Magna International, Inc.",NYSE,$16.53B,$3557.36,Capital Goods
GUT,Gabelli Utility Trust (The),NYSE,$296.84M,$9486.06,n/a
LLNW,"Limelight Networks, Inc.",NASDAQ,$299.1M,$1545.56,Miscellaneous
NDLS,Noodles & Company,NASDAQ,$154.07M,$4689.53,Consumer Services
MSGN,MSG Networks Inc.,NYSE,$1.66B,$6039.95,Consumer Services
GMTA,GATX Corporation,NYSE,n/a,$6896.59,Consumer Services
WAGE,"WageWorks, Inc.",NYSE,$2.67B,$5775.28,Miscellaneous
NEV,Nuveen Enhanced Municipal Value Fund,NYSE,$358.78M,$7482.46,n/a
CFX,Colfax Corporation,NYSE,$4.88B,$8936.14,Capital Goods
HIX,Western Asset High Income Fund II Inc.,NYSE,$626.7M,$1720.06,n/a
AVA,Avista Corporation,NYSE,$2.86B,$4636.59,Public Utilities
OFG,OFG Bancorp,NYSE,$443.87M,$2858.30,Finance
FANG,"Diamondback Energy, Inc.",NASDAQ,$8.33B,$6973.80,Energy
BFS^C,"Saul Centers, Inc.",NYSE,n/a,$1745.32,n/a
NDRA,ENDRA Life Sciences Inc.,NASDAQ,n/a,$1679.24,n/a
CGEN,Compugen Ltd.,NASDAQ,$189.19M,$1183.90,Health Care
ALGT,Allegiant Travel Company,NASDAQ,$2.38B,$4664.00,Transportation
CUBN,"Commerce Union Bancshares, Inc.",NASDAQ,$187.29M,$6022.13,n/a
RRD,R.R. Donnelley & Sons Company,NASDAQ,$864.5M,$3879.50,Miscellaneous
FEO,First Trust/Aberdeen Emerging Opportunity Fund,NYSE,$84.47M,$4237.92,n/a
CFBI,"Community First Bancshares, Inc.",NASDAQ,$98.15M,$2182.25,n/a
FGM,First Trust Germany AlphaDEX Fund,NASDAQ,$180.9M,$6451.60,n/a
SHOO,"Steven Madden, Ltd.",NASDAQ,$2.29B,$9368.77,Consumer Non-Durables
SSTI,"ShotSpotter, Inc.",NASDAQ,$125.21M,$4187.12,Technology
MINI,"Mobile Mini, Inc.",NASDAQ,$1.29B,$5061.76,Capital Goods
CSOD,"Cornerstone OnDemand, Inc.",NASDAQ,$2.09B,$1766.20,Technology
APLP,"Archrock Partners, L.P.",NASDAQ,$930.51M,$9991.45,Public Utilities
BOTJ,"Bank of the James Financial Group, Inc.",NASDAQ,$67.87M,$3046.23,Finance
RMBS,"Rambus, Inc.",NASDAQ,$1.32B,$3473.04,Technology
OPK,"Opko Health, Inc.",NASDAQ,$3.65B,$8935.25,Health Care
NEE^R,"NextEra Energy, Inc.",NYSE,n/a,$4577.59,n/a
INF,Brookfield Global Listed Infrastructure Income Fund,NYSE,$188.64M,$9035.89,n/a
ZIOP,ZIOPHARM Oncology Inc,NASDAQ,$763.03M,$5966.37,Health Care
CODI,Compass Diversified Holdings,NYSE,$1.02B,$5957.39,Consumer Durables
PBIB,"Porter Bancorp, Inc.",NASDAQ,$62.59M,$6191.40,Finance
VCIT,Vanguard Intermediate-Term Corporate Bond ETF,NASDAQ,$14.59B,$1466.28,n/a
PIH,"1347 Property Insurance Holdings, Inc.",NASDAQ,$49.81M,$9705.04,Finance
FLL,"Full House Resorts, Inc.",NASDAQ,$53.96M,$7926.34,Consumer Services
BMY,Bristol-Myers Squibb Company,NYSE,$89.72B,$2630.62,Health Care
TBBK,"The Bancorp, Inc.",NASDAQ,$400.41M,$6031.92,Finance
WFT,Weatherford International plc,NYSE,$4.03B,$7824.99,Energy
HUNT,Hunter Maritime Acquisition Corp.,NASDAQ,$42.18M,$4030.23,Transportation
NLNK,NewLink Genetics Corporation,NASDAQ,$178.86M,$2395.63,Health Care
CZZ,Cosan Limited,NYSE,$1.63B,$2689.19,Consumer Non-Durables
ETN,"Eaton Corporation, PLC",NYSE,$34.35B,$3367.13,Technology
RRR,"Red Rock Resorts, Inc.",NASDAQ,$2.78B,$8711.49,Consumer Services
FNTEW,FinTech Acquisition Corp. II,NASDAQ,n/a,$4269.35,Finance
ECT,ECA Marcellus Trust I,NYSE,$37.85M,$4583.93,Energy
III,"Information Services Group, Inc.",NASDAQ,$167.89M,$8043.63,Consumer Services
ANET,"Arista Networks, Inc.",NYSE,$10.91B,$6333.53,Technology
EAGLU,Double Eagle Acquisition Corp.,NASDAQ,n/a,$5254.01,Finance
ZX,China Zenix Auto International Limited,NYSE,$93.96M,$7931.95,Capital Goods
BKSC,Bank of South Carolina Corp.,NASDAQ,$99.43M,$9110.56,Finance
TRMB,Trimble Inc.,NASDAQ,$9.26B,$6379.33,Capital Goods
DEA,"Easterly Government Properties, Inc.",NYSE,$779.29M,$7932.41,Consumer Services
ECYT,"Endocyte, Inc.",NASDAQ,$64.56M,$7940.37,Health Care
UTL,UNITIL Corporation,NYSE,$710.24M,$2436.20,Public Utilities
MRDNW,"Meridian Waste Solutions, Inc",NASDAQ,n/a,$6957.36,Basic Industries
EARS,Auris Medical Holding AG,NASDAQ,$30.59M,$4506.99,Health Care
NDRAW,ENDRA Life Sciences Inc.,NASDAQ,n/a,$4067.55,n/a
LLNW,"Limelight Networks, Inc.",NASDAQ,$299.1M,$4101.04,Miscellaneous
HOLI,"Hollysys Automation Technologies, Ltd.",NASDAQ,$1.04B,$5422.87,Energy
ARES^A,Ares Management L.P.,NYSE,n/a,$7925.25,n/a
TVE,Tennessee Valley Authority,NYSE,n/a,$4583.27,Public Utilities
GIFI,"Gulf Island Fabrication, Inc.",NASDAQ,$152.96M,$9811.36,Capital Goods
BBBY,Bed Bath & Beyond Inc.,NASDAQ,$5.09B,$9850.05,Consumer Services
SLRC,Solar Capital Ltd.,NASDAQ,$920.44M,$2177.69,n/a
RWT,"Redwood Trust, Inc.",NYSE,$1.34B,$5130.09,Consumer Services
CEM,ClearBridge Energy MLP Fund Inc.,NYSE,$1.06B,$5186.80,n/a
ELJ,"Entergy Louisiana, Inc.",NYSE,n/a,$1155.43,Public Utilities
SEAC,"SeaChange International, Inc.",NASDAQ,$95.04M,$6373.09,Technology
CYBR,CyberArk Software Ltd.,NASDAQ,$1.67B,$4896.06,Technology
CPAAW,Conyers Park Acquisition Corp.,NASDAQ,n/a,$1150.42,Finance
AEE,Ameren Corporation,NYSE,$13.85B,$2966.93,Public Utilities
MARK,"Remark Holdings, Inc.",NASDAQ,$57.31M,$4269.12,Consumer Services
HBANO,Huntington Bancshares Incorporated,NASDAQ,$21.83B,$8779.40,Finance
BCH,Banco De Chile,NYSE,$12.86B,$9067.38,Finance
OTTW,"Ottawa Bancorp, Inc.",NASDAQ,$48.54M,$8712.85,Finance
FSM,Fortuna Silver Mines Inc.,NYSE,$749.94M,$4510.57,Basic Industries
EBIO,"Eleven Biotherapeutics, Inc.",NASDAQ,$34.58M,$4447.82,Health Care
AMGN,Amgen Inc.,NASDAQ,$119.44B,$6626.45,Health Care
MER^K,"Merrill Lynch & Co., Inc.",NYSE,n/a,$5699.01,n/a
CAR,"Avis Budget Group, Inc.",NASDAQ,$1.84B,$7749.01,Consumer Services
ELVT,"Elevate Credit, Inc.",NYSE,$349.39M,$9257.18,Finance
W,Wayfair Inc.,NYSE,$6.6B,$3639.36,Consumer Services
WFC^Y,Wells Fargo & Company,NYSE,n/a,$3868.12,n/a
NMM,Navios Maritime Partners LP,NYSE,$235.9M,$2403.65,Transportation
CRME,Cardiome Pharma Corporation,NASDAQ,$125.47M,$7135.07,Health Care
SOJA,Southern Company (The),NYSE,n/a,$1225.68,Public Utilities
BCOR,"Blucora, Inc.",NASDAQ,$909.02M,$4478.57,Technology
PVG,"Pretium Resources, Inc.",NYSE,$1.61B,$3614.05,Basic Industries
FPRX,"Five Prime Therapeutics, Inc.",NASDAQ,$809.46M,$6707.62,Health Care
ALP^O,Alabama Power Company,NYSE,n/a,$9809.50,Public Utilities
ROK,"Rockwell Automation, Inc.",NYSE,$21.14B,$3622.78,Capital Goods
LBAI,"Lakeland Bancorp, Inc.",NASDAQ,$937.55M,$8566.12,Finance
CASM,"CAS Medical Systems, Inc.",NASDAQ,$28.79M,$2798.44,Health Care
BLMT,"BSB Bancorp, Inc.",NASDAQ,$292.59M,$2180.13,Finance
IDRA,"Idera Pharmaceuticals, Inc.",NASDAQ,$237.15M,$1163.22,Health Care
DNBF,DNB Financial Corp,NASDAQ,$147.96M,$5129.54,Finance
NCMI,"National CineMedia, Inc.",NASDAQ,$493.54M,$1558.44,Consumer Services
OCRX,"Ocera Therapeutics, Inc.",NASDAQ,$25.45M,$9541.03,Health Care
GLUU,Glu Mobile Inc.,NASDAQ,$332.81M,$1652.95,Technology
PENN,"Penn National Gaming, Inc.",NASDAQ,$1.95B,$3491.09,Consumer Services
MPW,"Medical Properties Trust, Inc.",NYSE,$4.8B,$6203.30,Consumer Services
BIG,"Big Lots, Inc.",NYSE,$2.12B,$6083.50,Consumer Services
IDTI,"Integrated Device Technology, Inc.",NASDAQ,$3.26B,$3491.34,Technology
LADR,Ladder Capital Corp,NYSE,$1.56B,$4037.73,Consumer Services
ROG,Rogers Corporation,NYSE,$1.92B,$3635.24,Basic Industries
TARO,Taro Pharmaceutical Industries Ltd.,NYSE,$4.57B,$3048.18,Health Care
SSNC,"SS&C Technologies Holdings, Inc.",NASDAQ,$7.82B,$8366.80,Technology
CHFC,Chemical Financial Corporation,NASDAQ,$3.46B,$4076.93,Finance
NIE,AllianzGI Equity & Convertible Income Fund,NYSE,$543.65M,$2244.46,n/a
DFNL,Davis Select Financial ETF,NASDAQ,n/a,$2466.58,n/a
LANDP,Gladstone Land Corporation,NASDAQ,n/a,$7221.69,Consumer Services
GRIF,"Griffin Industrial Realty, Inc.",NASDAQ,$157.67M,$4552.83,Finance
DWLV,PowerShares DWA Momentum & Low Volatility Rotation Portfolio,NASDAQ,$4.2M,$7128.02,n/a
FRA,Blackrock Floating Rate Income Strategies Fund Inc,NYSE,$526.1M,$9595.85,n/a
GPRE,"Green Plains, Inc.",NASDAQ,$868.22M,$5134.24,Basic Industries
PIE,PowerShares DWA Emerging Markets Momentum Portfolio,NASDAQ,$176.16M,$3475.76,n/a
NYMTO,"New York Mortgage Trust, Inc.",NASDAQ,n/a,$2252.03,Consumer Services
GGG,Graco Inc.,NYSE,$6.28B,$1974.29,Capital Goods
NVDQ,Novadaq Technologies Inc,NASDAQ,$346.82M,$3290.52,Health Care
KTCC,Key Tronic Corporation,NASDAQ,$73.17M,$2074.39,Technology
PSX,Phillips 66,NYSE,$41.77B,$2275.24,Energy
OPY,"Oppenheimer Holdings, Inc.",NYSE,$219.09M,$5243.65,Finance
CHU,China Unicom (Hong Kong) Ltd,NYSE,$34.75B,$5115.93,Public Utilities
SOHO,Sotherly Hotels Inc.,NASDAQ,$91.07M,$3408.18,Consumer Services
BECN,"Beacon Roofing Supply, Inc.",NASDAQ,$2.96B,$5211.43,Consumer Services
WFC.WS,Wells Fargo & Company,NYSE,n/a,$6866.10,n/a
KO,Coca-Cola Company (The),NYSE,$193.59B,$3765.07,Consumer Non-Durables
GILT,Gilat Satellite Networks Ltd.,NASDAQ,$228.44M,$4797.55,Technology
JQC,Nuveen Credit Strategies Income Fund,NYSE,$1.17B,$2398.80,n/a
CDI,CDI Corporation,NYSE,$108.41M,$7400.04,Technology
MOXC,"Moxian, Inc.",NASDAQ,$221.12M,$1931.09,Technology
ARNA,"Arena Pharmaceuticals, Inc.",NASDAQ,$415.84M,$8918.27,Health Care
CHCI,"Comstock Holding Companies, Inc.",NASDAQ,$6.74M,$4405.04,Capital Goods
APOP,Cellect Biotechnology Ltd.,NASDAQ,$43.5M,$9878.51,n/a
KYE,"Kayne Anderson Energy Total Return Fund, Inc.",NYSE,$378.01M,$1044.74,n/a
WVVIP,"Willamette Valley Vineyards, Inc.",NASDAQ,n/a,$8368.26,Consumer Non-Durables
AXDX,"Accelerate Diagnostics, Inc.",NASDAQ,$1.53B,$4649.34,Capital Goods
NWLI,"National Western Life Group, Inc.",NASDAQ,$1.18B,$3388.51,Finance
STRS,Stratus Properties Inc.,NASDAQ,$227.14M,$1920.60,Consumer Services
PATI,"Patriot Transportation Holding, Inc.",NASDAQ,$58.87M,$5584.86,Transportation
C^K,Citigroup Inc.,NYSE,n/a,$7488.30,Finance
FUNC,First United Corporation,NASDAQ,$106.49M,$2012.36,Finance
AHPI,"Allied Healthcare Products, Inc.",NASDAQ,$8.91M,$5139.66,Health Care
MCS,Marcus Corporation (The),NYSE,$909.47M,$8100.88,Consumer Services
ABB,ABB Ltd,NYSE,$54.37B,$8470.86,Consumer Durables
ANAT,American National Insurance Company,NASDAQ,$3.08B,$4166.76,Finance
AGTC,Applied Genetic Technologies Corporation,NASDAQ,$91.32M,$8490.53,Health Care
TSRO,"TESARO, Inc.",NASDAQ,$7.77B,$4060.42,Health Care
CB,D/B/A Chubb Limited New,NYSE,$70.81B,$8488.06,Finance
ARL,"American Realty Investors, Inc.",NYSE,$137.3M,$8251.25,Finance
EQT,EQT Corporation,NYSE,$10.19B,$3339.87,Energy
APOG,"Apogee Enterprises, Inc.",NASDAQ,$1.6B,$6058.86,Capital Goods
FMB,First Trust Managed Municipal ETF,NASDAQ,$137.93M,$6962.33,n/a
SGBX,"SG Blocks, Inc.",NASDAQ,$87854.2,$6343.60,n/a
CHI,Calamos Convertible Opportunities and Income Fund,NASDAQ,$786.07M,$2674.57,n/a
SFS,Smart,NYSE,$666.23M,$2934.54,Consumer Services
MMLP,Martin Midstream Partners L.P.,NASDAQ,$688.3M,$6153.02,Energy
WDC,Western Digital Corporation,NASDAQ,$25.37B,$4650.25,Technology
AVIR,"Aviragen Therapeutics, Inc.",NASDAQ,$20.87M,$8158.86,Health Care
CYD,China Yuchai International Limited,NYSE,$753.17M,$8021.23,Energy
ARW,"Arrow Electronics, Inc.",NYSE,$6.85B,$4240.63,Consumer Non-Durables
APLP,"Archrock Partners, L.P.",NASDAQ,$930.51M,$3055.88,Public Utilities
CAKE,The Cheesecake Factory Incorporated,NASDAQ,$2.54B,$7303.72,Consumer Services
KOPN,Kopin Corporation,NASDAQ,$266.19M,$7872.46,Technology
GPE^A,Georgia Power Company,NYSE,n/a,$6381.83,Public Utilities
SPE^B,Special Opportunities Fund Inc.,NYSE,n/a,$2554.37,n/a
KMB,Kimberly-Clark Corporation,NYSE,$46.22B,$4525.02,Consumer Durables
CERN,Cerner Corporation,NASDAQ,$21.82B,$1812.41,Technology
TSI,"TCW Strategic Income Fund, Inc.",NYSE,$271.82M,$5809.73,n/a
BCS,Barclays PLC,NYSE,$44.14B,$9711.51,Finance
VKQ,Invesco Municipal Trust,NYSE,$710.31M,$5894.25,n/a
ITG,"Investment Technology Group, Inc.",NYSE,$717.59M,$2075.43,Finance
NEOT,"Neothetics, Inc.",NASDAQ,$26.56M,$7577.55,Health Care
MAT,"Mattel, Inc.",NASDAQ,$7.1B,$6009.79,Consumer Non-Durables
BTA,BlackRock Long-Term Municipal Advantage Trust,NYSE,$159.86M,$9808.25,n/a
BOMN,Boston Omaha Corporation,NASDAQ,n/a,$6452.99,n/a
AU,AngloGold Ashanti Limited,NYSE,$4.21B,$8555.79,Basic Industries
AGNCP,AGNC Investment Corp.,NASDAQ,n/a,$2118.81,Consumer Services
ING,"ING Group, N.V.",NYSE,$65.86B,$4293.30,Finance
RGA,"Reinsurance Group of America, Incorporated",NYSE,$8.29B,$8196.03,Finance
SWIR,"Sierra Wireless, Inc.",NASDAQ,$940.61M,$1291.78,Technology
FAB,First Trust Multi Cap Value AlphaDEX Fund,NASDAQ,$109.6M,$3446.94,n/a
PBR.A,Petroleo Brasileiro S.A.- Petrobras,NYSE,n/a,$6925.46,n/a
PCN,Pimco Corporate & Income Stategy Fund,NYSE,$666.31M,$8789.73,n/a
CERCW,Cerecor Inc.,NASDAQ,n/a,$2341.27,Health Care
BSX,Boston Scientific Corporation,NYSE,$38B,$2313.10,Health Care
MS^E,Morgan Stanley,NYSE,n/a,$2836.26,n/a
ESTE,"Earthstone Energy, Inc.",NYSE,$608.38M,$6734.24,Energy
MMI,"Marcus & Millichap, Inc.",NYSE,$973.21M,$1611.67,Finance
PCM,"PIMCO Commercial Mortgage Securities Trust, Inc.",NYSE,$126.72M,$6449.07,n/a
AEZS,AEterna Zentaris Inc.,NASDAQ,$13.87M,$8747.66,Health Care
TVTY,"Tivity Health, Inc.",NASDAQ,$1.47B,$5152.44,Health Care
TXRH,"Texas Roadhouse, Inc.",NASDAQ,$3.5B,$9031.07,Consumer Services
GCP,GCP Applied Technologies Inc.,NYSE,$2.17B,$9463.12,Basic Industries
PRTK,"Paratek Pharmaceuticals, Inc. ",NASDAQ,$618.42M,$7134.64,Health Care
LNCE,"Snyder's-Lance, Inc.",NASDAQ,$3.44B,$1970.66,Consumer Non-Durables
ETY,Eaton Vance Tax-Managed Diversified Equity Income Fund,NYSE,$1.73B,$1557.43,n/a
PRIM,Primoris Services Corporation,NASDAQ,$1.27B,$5287.36,Basic Industries
RXDX,"Ignyta, Inc.",NASDAQ,$553.69M,$2508.37,Health Care
COF^C,Capital One Financial Corporation,NYSE,n/a,$4268.08,Finance
OMCL,"Omnicell, Inc.",NASDAQ,$1.61B,$3770.16,Technology
CIBR,First Trust NASDAQ Cybersecurity ETF,NASDAQ,$255.47M,$6856.88,n/a
IBKCP,IBERIABANK Corporation,NASDAQ,n/a,$9910.21,Finance
PCO,Pendrell Corporation,NASDAQ,$157.8M,$8604.91,Miscellaneous
RELV,"Reliv' International, Inc.",NASDAQ,$14.65M,$1315.19,Health Care
PPHM,Peregrine Pharmaceuticals Inc.,NASDAQ,$166.75M,$8530.31,Health Care
DST,"DST Systems, Inc.",NYSE,$7.32B,$7501.41,Technology
CHA,China Telecom Corp Ltd,NYSE,$39.48B,$3996.11,Public Utilities
ENLC,"EnLink Midstream, LLC",NYSE,$2.92B,$4832.18,Public Utilities
FPH,"Five Point Holdings, LLC",NYSE,$887.55M,$2607.51,Finance
ECYT,"Endocyte, Inc.",NASDAQ,$64.56M,$3189.04,Health Care
GDL^B,The GDL Fund,NYSE,n/a,$9758.02,n/a
PAC,"Grupo Aeroportuario Del Pacifico, S.A. de C.V.",NYSE,$5.93B,$9868.86,Transportation
ASRVP,AmeriServ Financial Inc.,NASDAQ,n/a,$2049.21,Finance
HLT,Hilton Worldwide Holdings Inc.,NYSE,$21.7B,$6464.42,Consumer Services
TESS,TESSCO Technologies Incorporated,NASDAQ,$110.38M,$1662.31,Consumer Non-Durables
MRDNW,"Meridian Waste Solutions, Inc",NASDAQ,n/a,$9634.49,Basic Industries
FFC,Flaherty & Crumrine Preferred Securities Income Fund Inc,NYSE,$961.1M,$2264.45,n/a
BHACW,Barington/Hilco Acquisition Corp.,NASDAQ,n/a,$9781.85,Finance
MIDD,The Middleby Corporation,NASDAQ,$7.55B,$5021.28,Technology
NVLS,"Nivalis Therapeutics, Inc.",NASDAQ,$34.44M,$6611.04,Health Care
LBTYA,Liberty Global plc,NASDAQ,$25.01B,$4380.23,Consumer Services
PDCE,"PDC Energy, Inc.",NASDAQ,$3B,$4270.25,Energy
ACHC,"Acadia Healthcare Company, Inc.",NASDAQ,$3.97B,$6280.47,Health Care
MCO,Moody's Corporation,NYSE,$23.39B,$6648.65,Finance
RIG,Transocean Ltd.,NYSE,$3.37B,$5221.05,Energy
COGT,"Cogint, Inc.",NASDAQ,$249.26M,$1841.97,Consumer Services
ETB,Eaton Vance Tax-Managed Buy-Write Income Fund,NYSE,$404.02M,$2592.82,n/a
CBSHP,"Commerce Bancshares, Inc.",NASDAQ,$2.4B,$1487.35,Finance
VTRB,"Ventas Realty, Limited Partnership // Ventas Capital Corporati",NYSE,n/a,$8603.68,Consumer Services
THR,"Thermon Group Holdings, Inc.",NYSE,$608.57M,$2902.63,Energy
AMD,"Advanced Micro Devices, Inc.",NASDAQ,$10.81B,$7953.81,Technology
PCO,Pendrell Corporation,NASDAQ,$157.8M,$7125.50,Miscellaneous
INN^B,"Summit Hotel Properties, Inc.",NYSE,n/a,$5631.70,n/a
WAGE,"WageWorks, Inc.",NYSE,$2.67B,$1447.34,Miscellaneous
EXPD,"Expeditors International of Washington, Inc.",NASDAQ,$10.27B,$3779.19,Transportation
MPV,Barings Participation Investors,NYSE,$146.29M,$4936.15,n/a
BAM,Brookfield Asset Management Inc,NYSE,$37.85B,$2684.80,Consumer Services
CATB,"Catabasis Pharmaceuticals, Inc.",NASDAQ,$29.21M,$7699.12,Health Care
CYRX,"CryoPort, Inc.",NASDAQ,$112.21M,$2658.66,Transportation
PVG,"Pretium Resources, Inc.",NYSE,$1.61B,$9725.63,Basic Industries
FNY,First Trust Mid Cap Growth AlphaDEX Fund,NASDAQ,$93.37M,$6920.06,n/a
ACSF,"American Capital Senior Floating, Ltd.",NASDAQ,$125.5M,$9302.81,n/a
INSI,Insight Select Income Fund,NYSE,$211.52M,$7251.33,n/a
WIN,"Windstream Holdings, Inc.",NASDAQ,$864.84M,$4062.27,Public Utilities
HGV,Hilton Grand Vacations Inc.,NYSE,$3.62B,$7437.48,Consumer Services
CNMD,CONMED Corporation,NASDAQ,$1.42B,$2649.29,Health Care
GRA,W.R. Grace & Co.,NYSE,$4.82B,$2365.73,Basic Industries
EPR^F,EPR Properties,NYSE,n/a,$3501.49,n/a
IPGP,IPG Photonics Corporation,NASDAQ,$7.53B,$3538.68,Technology
SBNY,Signature Bank,NASDAQ,$7.87B,$6955.88,Finance
WDC,Western Digital Corporation,NASDAQ,$25.37B,$7300.00,Technology
NVIV,InVivo Therapeutics Holdings Corp.,NASDAQ,$69.13M,$6130.73,Health Care
KBAL,"Kimball International, Inc.",NASDAQ,$629.83M,$3129.62,Consumer Durables
BGT,Blackrock Global,NYSE,$334.83M,$8483.42,n/a
PRH,"Prudential Financial, Inc.",NYSE,n/a,$8048.63,Finance
ECL,Ecolab Inc.,NYSE,$38.95B,$2409.60,Basic Industries
GPE^A,Georgia Power Company,NYSE,n/a,$1193.68,Public Utilities
CLNS^G,"Colony NorthStar, Inc.",NYSE,n/a,$6507.77,n/a
BAC^Y,Bank of America Corporation,NYSE,n/a,$9944.23,Finance
EIG,Employers Holdings Inc,NYSE,$1.37B,$7730.43,Finance
IRIX,IRIDEX Corporation,NASDAQ,$104.02M,$1891.35,Health Care
TPC,Tutor Perini Corporation,NYSE,$1.32B,$8511.65,Basic Industries
DJCO,Daily Journal Corp. (S.C.),NASDAQ,$295.19M,$7548.24,Consumer Services
CFI,"Culp, Inc.",NYSE,$415.62M,$6183.72,Basic Industries
MHLD,"Maiden Holdings, Ltd.",NASDAQ,$982.38M,$6942.02,Finance
VER,VEREIT Inc.,NYSE,$8.15B,$7784.57,Consumer Services
ATRO,Astronics Corporation,NASDAQ,$883.27M,$8948.59,Capital Goods
LINDW,Lindblad Expeditions Holdings Inc. ,NASDAQ,n/a,$4788.90,Consumer Services
MMU,"Western Asset Managed Municipals Fund, Inc.",NYSE,$598.91M,$8507.41,n/a
BRO,"Brown & Brown, Inc.",NYSE,$6.22B,$3893.81,Finance
DSX^B,Diana Shipping inc.,NYSE,n/a,$1807.36,n/a
KOS,Kosmos Energy Ltd.,NYSE,$2.4B,$4707.28,Energy
COWN,Cowen Inc.,NASDAQ,$475.98M,$3896.05,Finance
NYLD.A,"NRG Yield, Inc.",NYSE,n/a,$6313.14,n/a
AMNB,"American National Bankshares, Inc.",NASDAQ,$330M,$3901.71,Finance
MAS,Masco Corporation,NYSE,$12.32B,$1227.70,Basic Industries
GNBC,"Green Bancorp, Inc.",NASDAQ,$736.42M,$8398.48,Finance
HUNTW,Hunter Maritime Acquisition Corp.,NASDAQ,n/a,$8294.70,Transportation
STAA,STAAR Surgical Company,NASDAQ,$392.95M,$1723.81,Health Care
CSTM,Constellium N.V.,NYSE,$702.12M,$5033.72,Basic Industries
ACNB,ACNB Corporation,NASDAQ,$176.55M,$5319.31,Finance
RHT,"Red Hat, Inc.",NYSE,$15.62B,$6976.39,Technology
SN,Sanchez Energy Corporation,NYSE,$618.24M,$1527.77,Energy
VONV,Vanguard Russell 1000 Value ETF,NASDAQ,$1.07B,$3884.14,n/a
CTW,Qwest Corporation,NYSE,n/a,$8111.28,Public Utilities
ABMD,"ABIOMED, Inc.",NASDAQ,$6.28B,$1312.67,Health Care
CYD,China Yuchai International Limited,NYSE,$753.17M,$8003.17,Energy
PWOD,"Penns Woods Bancorp, Inc.",NASDAQ,$195.66M,$2628.19,Finance
SFR,Colony Starwood Homes,NYSE,$4.37B,$1226.33,Consumer Services
PRQR,ProQR Therapeutics N.V.,NASDAQ,$118.13M,$9049.60,Health Care
CAKE,The Cheesecake Factory Incorporated,NASDAQ,$2.54B,$9288.03,Consumer Services
FANH,Fanhua Inc.,NASDAQ,$554.47M,$6167.91,Finance
TKC,Turkcell Iletisim Hizmetleri AS,NYSE,$7.2B,$3591.54,Public Utilities
AMRN,Amarin Corporation plc,NASDAQ,$797.81M,$1480.97,Health Care
APB,"Asia Pacific Fund, Inc. (The)",NYSE,$130.23M,$2853.43,n/a
TST,"TheStreet, Inc.",NASDAQ,$30.31M,$4597.80,Consumer Services
FNWB,First Northwest Bancorp,NASDAQ,$204.36M,$9354.02,Finance
CERCW,Cerecor Inc.,NASDAQ,n/a,$6999.99,Health Care
AMRS,"Amyris, Inc.",NASDAQ,$60.84M,$6206.60,Basic Industries
ARDX,"Ardelyx, Inc.",NASDAQ,$206.13M,$2089.43,Health Care
AEZS,AEterna Zentaris Inc.,NASDAQ,$13.87M,$6980.13,Health Care
PBI,Pitney Bowes Inc.,NYSE,$2.84B,$2812.03,Miscellaneous
SLP,"Simulations Plus, Inc.",NASDAQ,$206.03M,$4098.14,Technology
BNED,"Barnes & Noble Education, Inc",NYSE,$478.88M,$4691.36,Consumer Services
NHLDW,National Holdings Corporation,NASDAQ,n/a,$4806.35,Finance
MS,Morgan Stanley,NYSE,$82.28B,$2514.26,Finance
SHLD,Sears Holdings Corporation,NASDAQ,$715.46M,$9135.36,Consumer Services
LDP,"Cohen & Steers Limited Duration Preferred and Income Fund, Inc",NYSE,$763.43M,$2026.63,n/a
CRAI,"CRA International,Inc.",NASDAQ,$302.35M,$6877.94,Miscellaneous
STI,"SunTrust Banks, Inc.",NYSE,$27.15B,$7781.01,Finance
TGLS,Tecnoglass Inc.,NASDAQ,$308.09M,$3699.49,Consumer Durables
SSKN,"Strata Skin Sciences, Inc.",NASDAQ,$6.36M,$2468.41,Health Care
BBRG,"Bravo Brio Restaurant Group, Inc.",NASDAQ,$69.74M,$1028.08,Consumer Services
VLY,Valley National Bancorp,NYSE,$3.11B,$6123.11,Finance
FCE.A,"Forest City Realty Trust, Inc.",NYSE,n/a,$7654.70,n/a
SINA,Sina Corporation,NASDAQ,$6.1B,$3510.52,Technology
ASFI,"Asta Funding, Inc.",NASDAQ,$56.44M,$3109.90,Finance
TRK,"Speedway Motorsports, Inc.",NYSE,$760.1M,$9151.23,Consumer Services
AFSI,"AmTrust Financial Services, Inc.",NASDAQ,$2.76B,$3020.38,Finance
SPR,"Spirit Aerosystems Holdings, Inc.",NYSE,$6.97B,$3561.98,Capital Goods
UBNT,"Ubiquiti Networks, Inc.",NASDAQ,$3.89B,$1725.26,Technology
NP,"Neenah Paper, Inc.",NYSE,$1.35B,$3257.55,Basic Industries
HRMNW,Harmony Merger Corp.,NASDAQ,n/a,$9081.85,Public Utilities
ASX,"Advanced Semiconductor Engineering, Inc.",NYSE,$10.06B,$7817.99,Technology
NADL,North Atlantic Drilling Ltd.,NYSE,$50.64M,$5011.78,Energy
DTY,DTE Energy Company,NYSE,n/a,$7805.96,Public Utilities
NAD,Nuveen Quality Municipal Income Fund,NYSE,$2.85B,$8668.83,n/a
KYN^F,Kayne Anderson MLP Investment Company,NYSE,n/a,$5510.02,n/a
TMK^C,Torchmark Corporation,NYSE,n/a,$3362.44,n/a
FITB,Fifth Third Bancorp,NASDAQ,$19.11B,$5358.92,Finance
ENPH,"Enphase Energy, Inc.",NASDAQ,$64.89M,$5306.77,Technology
MKC,"McCormick & Company, Incorporated",NYSE,$12.7B,$3898.19,Consumer Non-Durables
NYMTP,"New York Mortgage Trust, Inc.",NASDAQ,n/a,$4510.97,Finance
CCD,Calamos Dynamic Convertible & Income Fund,NASDAQ,$493.06M,$8717.06,n/a
HSNI,"HSN, Inc.",NASDAQ,$1.68B,$5331.72,Consumer Services
OMAB,Grupo Aeroportuario del Centro Norte S.A.B. de C.V.,NASDAQ,$2.25B,$5473.52,Transportation
BBRG,"Bravo Brio Restaurant Group, Inc.",NASDAQ,$69.74M,$1073.67,Consumer Services
SAJA,"Sajan, Inc.",NASDAQ,$27.68M,$6106.85,Miscellaneous
ANF,Abercrombie & Fitch Company,NYSE,$852.24M,$1746.37,Consumer Services
ICCC,ImmuCell Corporation,NASDAQ,$29.97M,$3411.46,Health Care
OUT,OUTFRONT Media Inc.,NYSE,$3.27B,$2989.97,Consumer Services
OSBCP,"Old Second Bancorp, Inc.",NASDAQ,n/a,$9660.03,Finance
ROKA,"Roka Bioscience, Inc.",NASDAQ,$13.52M,$2479.62,Capital Goods
EPD,Enterprise Products Partners L.P.,NYSE,$57.44B,$5827.44,Public Utilities
HE,"Hawaiian Electric Industries, Inc.",NYSE,$3.65B,$1462.41,Public Utilities
HOVNP,Hovnanian Enterprises Inc,NASDAQ,$32.91M,$9591.62,Capital Goods
JEQ,"Aberdeen Japan Equity Fund, Inc. ",NYSE,$115.12M,$8341.46,n/a
ARQL,"ArQule, Inc.",NASDAQ,$79.68M,$7306.11,Health Care
PEI^A,Pennsylvania Real Estate Investment Trust,NYSE,n/a,$1119.54,n/a
ANTX,"Anthem, Inc.",NYSE,$13.93B,$5791.61,Health Care
EBIO,"Eleven Biotherapeutics, Inc.",NASDAQ,$34.58M,$6550.53,Health Care
PSEC,Prospect Capital Corporation,NASDAQ,$2.9B,$9208.99,n/a
HFBL,"Home Federal Bancorp, Inc. of Louisiana",NASDAQ,$48.46M,$6910.38,Finance
FWRD,Forward Air Corporation,NASDAQ,$1.6B,$8102.21,Transportation
USEG,U.S. Energy Corp.,NASDAQ,$4.6M,$1115.78,Energy
STT^G,State Street Corporation,NYSE,n/a,$9742.57,n/a
OPB,Opus Bank,NASDAQ,$795.23M,$3308.30,n/a
IVR^A,Invesco Mortgage Capital Inc.,NYSE,n/a,$1261.27,n/a
DPLO,"Diplomat Pharmacy, Inc.",NYSE,$1.21B,$7920.64,Health Care
ELU,"Entergy Louisiana, Inc.",NYSE,n/a,$5367.65,Public Utilities
FSIC,FS Investment Corporation,NYSE,$2.28B,$2197.71,n/a
PSCD,PowerShares S&P SmallCap Consumer Discretionary Portfolio,NASDAQ,$61.54M,$3777.60,n/a
CHT,"Chunghwa Telecom Co., Ltd.",NYSE,$27.64B,$6309.21,Public Utilities
AKTS,"Akoustis Technologies, Inc.",NASDAQ,$173.77M,$9919.17,Public Utilities
KLXI,KLX Inc.,NASDAQ,$2.58B,$6007.08,Capital Goods
MSD,"Morgan Stanley Emerging Markets Debt Fund, Inc.",NYSE,$213.38M,$7714.56,n/a
THG,"The Hanover Insurance Group, Inc.",NYSE,$3.77B,$9060.01,Finance
GMS,GMS Inc.,NYSE,$1.31B,$5583.69,Consumer Services
ORMP,Oramed Pharmaceuticals Inc.,NASDAQ,$98.91M,$1596.69,Health Care
NXST,"Nexstar Media Group, Inc.",NASDAQ,$2.9B,$2743.19,Consumer Services
MAIN,Main Street Capital Corporation,NYSE,$2.18B,$1575.24,n/a
ALLE,Allegion plc,NYSE,$7.77B,$8278.63,Consumer Services
GOODM,Gladstone Commercial Corporation,NASDAQ,n/a,$7884.76,Consumer Services
MMYT,MakeMyTrip Limited,NASDAQ,$1.6B,$3316.46,Consumer Services
OXLCO,Oxford Lane Capital Corp.,NASDAQ,n/a,$7550.69,n/a
CSL,Carlisle Companies Incorporated,NYSE,$6.19B,$7207.37,Basic Industries
LTM,LATAM Airlines Group S.A.,NYSE,$6.79B,$3681.66,Transportation
CBPX,"Continental Building Products, Inc.",NYSE,$927.58M,$9659.95,Capital Goods
PZC,PIMCO California Municipal Income Fund III,NYSE,$283.89M,$4995.30,n/a
FRBK,"Republic First Bancorp, Inc.",NASDAQ,$555.38M,$3810.27,Finance
JOE,St. Joe Company (The),NYSE,$1.26B,$9367.11,Consumer Services
MMSI,"Merit Medical Systems, Inc.",NASDAQ,$1.76B,$2900.35,Health Care
DNKN,"Dunkin' Brands Group, Inc.",NASDAQ,$5.17B,$4957.52,Consumer Services
PSCI,PowerShares S&P SmallCap Industrials Portfolio,NASDAQ,$96.27M,$6721.36,n/a
PFSI,"PennyMac Financial Services, Inc.",NYSE,$387.13M,$4748.70,Finance
ATEN,"A10 Networks, Inc.",NYSE,$575.5M,$8802.05,Technology
MGPI,"MGP Ingredients, Inc.",NASDAQ,$865.57M,$4739.49,Consumer Non-Durables
SF^A,Stifel Financial Corporation,NYSE,n/a,$9295.38,Finance
SPI,"SPI Energy Co., Ltd.",NASDAQ,$50.64M,$8165.73,Technology
ISBC,"Investors Bancorp, Inc.",NASDAQ,$4.23B,$7749.85,Finance
PBR.A,Petroleo Brasileiro S.A.- Petrobras,NYSE,n/a,$8955.01,n/a
RH,RH,NYSE,$1.74B,$9220.54,Consumer Services
EAT,"Brinker International, Inc.",NYSE,$1.85B,$9208.69,Consumer Services
NXTM,"NxStage Medical, Inc.",NASDAQ,$1.54B,$4062.38,Health Care
DRAD,Digirad Corporation,NASDAQ,$77.91M,$4841.99,Health Care
VRAY,"ViewRay, Inc.",NASDAQ,$370.12M,$7460.47,Health Care
MELI,"MercadoLibre, Inc.",NASDAQ,$11.63B,$3379.43,Miscellaneous
CLNS^I,"Colony NorthStar, Inc.",NYSE,n/a,$6135.11,n/a
JASN,"Jason Industries, Inc.",NASDAQ,$33.43M,$4541.44,Consumer Durables
CFBI,"Community First Bancshares, Inc.",NASDAQ,$98.15M,$2182.95,n/a
GTYHW,"GTY Technology Holdings, Inc.",NASDAQ,n/a,$8504.48,Finance
EBIO,"Eleven Biotherapeutics, Inc.",NASDAQ,$34.58M,$7851.86,Health Care
LOR,"Lazard World Dividend & Income Fund, Inc.",NYSE,$76.04M,$6082.96,n/a
NLNK,NewLink Genetics Corporation,NASDAQ,$178.86M,$1919.06,Health Care
DDR^K,DDR Corp.,NYSE,n/a,$2563.11,n/a
TBNK,Territorial Bancorp Inc.,NASDAQ,$309.27M,$1104.73,Finance
VALX,Validea Market Legends ETF,NASDAQ,$22.64M,$9580.43,n/a
ECPG,Encore Capital Group Inc,NASDAQ,$996.04M,$9882.56,Finance
IDCC,"InterDigital, Inc.",NASDAQ,$2.76B,$8211.08,Miscellaneous
HBAN,Huntington Bancshares Incorporated,NASDAQ,$14.37B,$8772.14,Finance
IMPV,"Imperva, Inc.",NASDAQ,$1.61B,$8799.93,Technology
ZNGA,Zynga Inc.,NASDAQ,$3.17B,$4052.10,Technology
ASA,ASA Gold and Precious Metals Limited,NYSE,$222.22M,$4699.32,n/a
BOE,Blackrock Global,NYSE,$927.6M,$2083.59,n/a
TMUS,"T-Mobile US, Inc.",NASDAQ,$52.45B,$6356.59,Public Utilities
FNTEU,FinTech Acquisition Corp. II,NASDAQ,n/a,$2981.18,Finance
BASI,"Bioanalytical Systems, Inc.",NASDAQ,$13.02M,$9923.02,Health Care
DX,"Dynex Capital, Inc.",NYSE,$354.27M,$3817.78,Consumer Services
MMAC,"MMA Capital Management, LLC",NASDAQ,$132.13M,$2107.62,Finance
UHS,"Universal Health Services, Inc.",NYSE,$11.13B,$9929.80,Health Care
CPSH,CPS Technologies Corp.,NASDAQ,$15.84M,$8813.98,Capital Goods
BRK.A,Berkshire Hathaway Inc.,NYSE,n/a,$4164.39,n/a
MFSF,MutualFirst Financial Inc.,NASDAQ,$256.68M,$8760.68,Finance
EVLV,EVINE Live Inc.,NASDAQ,$67.58M,$7345.16,Consumer Services
BBN,BalckRock Taxable Municipal Bond Trust,NYSE,$1.32B,$2747.96,n/a
SMTX,SMTC Corporation,NASDAQ,$22.36M,$3410.84,Technology
PLCE,"Children's Place, Inc. (The)",NASDAQ,$1.91B,$4599.40,Consumer Services
NSYS,Nortech Systems Incorporated,NASDAQ,$9.15M,$7131.25,Capital Goods
ADRE,BLDRS Emerging Markets 50 ADR Index Fund,NASDAQ,$136.12M,$1493.40,n/a
TKR,Timken Company (The),NYSE,$3.55B,$1413.94,Capital Goods
MANT,ManTech International Corporation,NASDAQ,$1.51B,$9062.03,Consumer Services
COST,Costco Wholesale Corporation,NASDAQ,$73.29B,$5121.01,Consumer Services
ASG,"Liberty All-Star Growth Fund, Inc.",NYSE,$126.15M,$9471.08,n/a
SXE,"Southcross Energy Partners, L.P.",NYSE,$266.52M,$6954.50,Public Utilities
MCHI,iShares MSCI China ETF,NASDAQ,$2.43B,$8439.31,n/a
LIND,Lindblad Expeditions Holdings Inc. ,NASDAQ,$434.29M,$4685.55,Consumer Services
NEE^I,"NextEra Energy, Inc.",NYSE,n/a,$6824.78,n/a
EVLV,EVINE Live Inc.,NASDAQ,$67.58M,$4577.00,Consumer Services
VYMI,Vanguard International High Dividend Yield ETF,NASDAQ,$371.88M,$6640.24,n/a
EP^C,El Paso Corporation,NYSE,n/a,$9837.94,Public Utilities
FRAN,Francesca's Holdings Corporation,NASDAQ,$415.04M,$7317.95,Consumer Services
CMC,Commercial Metals Company,NYSE,$2.17B,$2073.69,Basic Industries
GCP,GCP Applied Technologies Inc.,NYSE,$2.17B,$3343.18,Basic Industries
HCKT,"The Hackett Group, Inc.",NASDAQ,$452.03M,$2699.71,Consumer Services
LWAY,"Lifeway Foods, Inc.",NASDAQ,$157.5M,$8030.95,Consumer Non-Durables
ACV,AllianzGI Diversified Income & Convertible Fund,NYSE,$214.54M,$3002.16,n/a
VIAV,Viavi Solutions Inc.,NASDAQ,$2.57B,$6116.49,Technology
RIBT,RiceBran Technologies,NASDAQ,$9.62M,$5077.38,Consumer Non-Durables
WGP,"Western Gas Equity Partners, LP",NYSE,$9.3B,$9806.34,Public Utilities
DS,Drive Shack Inc.,NYSE,$198.52M,$6278.61,Consumer Services
MMLP,Martin Midstream Partners L.P.,NASDAQ,$688.3M,$9370.15,Energy
INOV,"Inovalon Holdings, Inc.",NASDAQ,$1.99B,$8026.51,Technology
SAEX,"SAExploration Holdings, Inc.",NASDAQ,$33.78M,$3976.34,Energy
PRIM,Primoris Services Corporation,NASDAQ,$1.27B,$4582.77,Basic Industries
MOGLC,Gabelli NextShares Trust,NASDAQ,n/a,$1915.60,n/a
BOX,"Box, Inc.",NYSE,$2.47B,$7112.32,Technology
GEOS,Geospace Technologies Corporation,NASDAQ,$207.39M,$2563.59,Capital Goods
ADRU,BLDRS Europe 100 ADR Index Fund,NASDAQ,$13.85M,$6619.96,n/a
MFSF,MutualFirst Financial Inc.,NASDAQ,$256.68M,$8607.71,Finance
AIY,Apollo Investment Corporation,NYSE,n/a,$1849.35,n/a
VRS,Verso Corporation,NYSE,$130.34M,$2236.36,Basic Industries
GAIN,Gladstone Investment Corporation,NASDAQ,$305.91M,$1387.27,n/a
SWP,"Stanley Black & Decker, Inc.",NYSE,n/a,$6665.92,Capital Goods
OACQ,Origo Acquisition Corporation,NASDAQ,$34.79M,$3553.17,Finance
MNGA,MagneGas Corporation,NASDAQ,$7.87M,$7322.80,Technology
COUP,Coupa Software Incorporated,NASDAQ,$1.65B,$2303.37,Technology
NOVN,"Novan, Inc.",NASDAQ,$62.92M,$7500.11,Health Care
HSII,"Heidrick & Struggles International, Inc.",NASDAQ,$407.51M,$8261.33,Technology
ROSEU,Rosehill Resources Inc.,NASDAQ,n/a,$5318.44,Energy
TGT,Target Corporation,NYSE,$29.03B,$1182.10,Consumer Services
SGMS,Scientific Games Corp,NASDAQ,$2.3B,$8535.86,Technology
RLOG,"Rand Logistics, Inc.",NASDAQ,$6.7M,$2426.26,Consumer Services
TCAP,Triangle Capital Corporation,NYSE,$842.05M,$1818.89,n/a
KFRC,"Kforce, Inc.",NASDAQ,$498.13M,$3652.62,Technology
INFY,Infosys Limited,NYSE,$33.53B,$9041.18,Technology
RY,Royal Bank Of Canada,NYSE,$103.48B,$9808.36,Finance
DNB,Dun & Bradstreet Corporation (The),NYSE,$3.91B,$7807.83,Finance
JRI,Nuveen Real Asset Income and Growth Fund,NYSE,$170.57M,$8076.89,n/a
RMCF,"Rocky Mountain Chocolate Factory, Inc.",NASDAQ,$68.38M,$1169.94,Consumer Non-Durables
INXN,InterXion Holding N.V.,NYSE,$3.12B,$9204.79,Technology
NBR,Nabors Industries Ltd.,NYSE,$2.33B,$8699.11,Energy
IVFVC,Ivy NextShares,NASDAQ,n/a,$9024.94,n/a
HMNY,Helios and Matheson Analytics Inc,NASDAQ,$14.65M,$2664.70,Consumer Services
CASI,"CASI Pharmaceuticals, Inc.",NASDAQ,$55.38M,$7154.60,Health Care
UBP^G,Urstadt Biddle Properties Inc.,NYSE,n/a,$2495.87,n/a
MUE,"Blackrock MuniHoldings Quality Fund II, Inc.",NYSE,$309.13M,$9520.50,n/a
MNI,McClatchy Company (The),NYSE,$85.51M,$9235.88,Consumer Services
PIM,Putnam Master Intermediate Income Trust,NYSE,$258.12M,$7191.46,n/a
CDTI,"Clean Diesel Technologies, Inc.",NASDAQ,$44.44M,$7423.56,Capital Goods
IXUS,iShares Core MSCI Total International Stock ETF,NASDAQ,$6.26B,$1559.50,n/a
AMCX,AMC Networks Inc.,NASDAQ,$3.72B,$6194.78,Consumer Services
EEP,"Enbridge Energy, L.P.",NYSE,$6.76B,$4560.99,Energy
SNC,"State National Companies, Inc.",NASDAQ,$736.77M,$7468.33,Finance
MPAC,Matlin & Partners Acquisition Corporation,NASDAQ,$393.25M,$2095.30,Finance
CLGX,"CoreLogic, Inc.",NYSE,$3.61B,$2083.31,Technology
ABY,Atlantica Yield plc,NASDAQ,$2.05B,$6909.31,Public Utilities
ETY,Eaton Vance Tax-Managed Diversified Equity Income Fund,NYSE,$1.73B,$9533.55,n/a
TGEN,Tecogen Inc.,NASDAQ,$65.74M,$7301.75,Capital Goods
SWNC,Southwestern Energy Company,NYSE,n/a,$1942.08,Energy
NE,Noble Corporation,NYSE,$920.02M,$5172.32,Energy
SAN^I,"Banco Santander, S.A.",NYSE,n/a,$2560.73,n/a
EQS,"Equus Total Return, Inc.",NYSE,$30.96M,$7426.34,n/a
SUP,"Superior Industries International, Inc.",NYSE,$479.46M,$5289.82,Capital Goods
HUBG,"Hub Group, Inc.",NASDAQ,$1.28B,$2337.10,Transportation
OEC,Orion Engineered Carbons S.A,NYSE,$1.13B,$7997.80,Basic Industries
UCFC,United Community Financial Corp.,NASDAQ,$433.25M,$5995.46,Finance
REN           ,Resolute Energy Corporation,NYSE,$684.03M,$2982.44,Energy
SRLP,Sprague Resources LP,NYSE,$671.8M,$8069.20,Energy
OTTW,"Ottawa Bancorp, Inc.",NASDAQ,$48.54M,$2008.72,Finance
OME,Omega Protein Corporation,NYSE,$390.47M,$3295.75,Consumer Non-Durables
DEPO,"Depomed, Inc.",NASDAQ,$592.24M,$2117.24,Health Care
ATRO,Astronics Corporation,NASDAQ,$883.27M,$4087.07,Capital Goods
ALEX,"Alexander & Baldwin Holdings, Inc.",NYSE,$2.05B,$4911.21,Finance
NVCN,Neovasc Inc.,NASDAQ,$111.64M,$5626.69,Health Care
BDE,"Black Diamond, Inc.",NASDAQ,$195.09M,$5477.79,Consumer Non-Durables
MPO,"MIDSTATES PETROLEUM COMPANY, INC.",NYSE,$364.19M,$6597.81,Energy
CGIX,"Cancer Genetics, Inc.",NASDAQ,$72.13M,$5219.42,Health Care
BNED,"Barnes & Noble Education, Inc",NYSE,$478.88M,$9344.58,Consumer Services
ATOM,Atomera Incorporated,NASDAQ,$52.17M,$4767.32,Technology
MGF,MFS Government Markets Income Trust,NYSE,$162.35M,$3983.67,n/a
OFC,Corporate Office Properties Trust,NYSE,$3.52B,$1201.60,Consumer Services
HL,Hecla Mining Company,NYSE,$2B,$9336.50,Basic Industries
BGCA,"BGC Partners, Inc.",NYSE,n/a,$1502.75,Finance
FFNW,"First Financial Northwest, Inc.",NASDAQ,$185.4M,$8493.71,Finance
GURE,"Gulf Resources, Inc.",NASDAQ,$78.61M,$4409.83,Basic Industries
CG,The Carlyle Group L.P.,NASDAQ,$5.99B,$3683.99,Finance
CE,Celanese Corporation,NYSE,$12.76B,$8848.33,Basic Industries
VRSN,"VeriSign, Inc.",NASDAQ,$9.38B,$5217.99,Technology
TA,TravelCenters of America LLC,NASDAQ,$142.26M,$4021.09,Consumer Durables
PLNT,"Planet Fitness, Inc.",NYSE,$2.24B,$9636.11,Consumer Services
KPTI,Karyopharm Therapeutics Inc.,NASDAQ,$427.83M,$9603.25,Health Care
WFC^R,Wells Fargo & Company,NYSE,n/a,$9679.40,n/a
HYI,Western Asset High Yield Defined Opportunity Fund Inc.,NYSE,$353.6M,$6615.32,n/a
AMCN,AirMedia Group Inc,NASDAQ,$95.78M,$3702.76,Technology
THR,"Thermon Group Holdings, Inc.",NYSE,$608.57M,$3704.85,Energy
DMTX,"Dimension Therapeutics, Inc.",NASDAQ,$31.3M,$2036.36,Health Care
FTR,Frontier Communications Corporation,NASDAQ,$1.64B,$6714.66,Public Utilities
BSM,"Black Stone Minerals, L.P.",NYSE,$3B,$3146.99,Energy
CUI,"CUI Global, Inc.",NASDAQ,$68.75M,$4157.70,Consumer Non-Durables
TRNS,"Transcat, Inc.",NASDAQ,$84.17M,$7159.49,Capital Goods
GNE,Genie Energy Ltd.,NYSE,$194.94M,$7929.95,Public Utilities
BITA,Bitauto Holdings Limited,NYSE,$1.91B,$1257.93,Technology
EVLMC,Eaton Vance NextShares Trust II,NASDAQ,n/a,$1414.58,n/a
LFGR,Leaf Group Ltd.,NYSE,$162.87M,$4943.92,Technology
WUBA,58.com Inc.,NYSE,$5.96B,$6525.17,Technology
JAX,"J. Alexander's Holdings, Inc.",NYSE,$172.67M,$9547.19,Consumer Services
SPPI,"Spectrum Pharmaceuticals, Inc.",NASDAQ,$522.68M,$1798.03,Health Care
VEACU,Vantage Energy Acquisition Corp.,NASDAQ,n/a,$1958.91,Finance
MYJ,"Blackrock MuniYield New Jersey Fund, Inc.",NYSE,$229.85M,$4938.33,n/a
TNET,"TriNet Group, Inc.",NYSE,$2.17B,$8102.81,Miscellaneous
TCRZ,"THL Credit, Inc.",NYSE,n/a,$4013.29,n/a
ADM,Archer-Daniels-Midland Company,NYSE,$24.19B,$7369.89,Consumer Non-Durables
GLA,"GlassBridge Enterprises, Inc.",NYSE,$15.97M,$2962.79,Technology
RDIB,Reading International Inc,NASDAQ,$404.69M,$8060.31,Consumer Services
TRR,"TRC Companies, Inc.",NYSE,$555.08M,$8886.45,Consumer Services
MKSI,"MKS Instruments, Inc.",NASDAQ,$3.96B,$9530.57,Capital Goods
COBZ,CoBiz Financial Inc.,NASDAQ,$691.58M,$4168.03,Finance
PNK,"Pinnacle Entertainment, Inc.",NASDAQ,$1.16B,$9711.11,Consumer Services
EZPW,"EZCORP, Inc.",NASDAQ,$491.34M,$9522.15,Consumer Services
MBTF,M B T Financial Corp,NASDAQ,$229.8M,$1372.45,Finance
DRNA,"Dicerna Pharmaceuticals, Inc.",NASDAQ,$124.4M,$5333.98,Health Care
NRZ,New Residential Investment Corp.,NYSE,$5.14B,$9359.17,Consumer Services
RAS,RAIT Financial Trust,NYSE,$209.48M,$3751.77,Consumer Services
PBIP,"Prudential Bancorp, Inc.",NASDAQ,$165.3M,$2119.42,Finance
SHLD,Sears Holdings Corporation,NASDAQ,$715.46M,$5222.21,Consumer Services
PPX,"PPL Capital Funding, Inc.",NYSE,n/a,$4986.22,Public Utilities
TSBK,"Timberland Bancorp, Inc.",NASDAQ,$177.78M,$4548.87,Finance
CASM,"CAS Medical Systems, Inc.",NASDAQ,$28.79M,$4275.57,Health Care
NICE,NICE Ltd,NASDAQ,$4.69B,$4866.74,Technology
ALOG,Analogic Corporation,NASDAQ,$844.88M,$9701.39,Capital Goods
QTWO,"Q2 Holdings, Inc.",NYSE,$1.56B,$1320.46,Technology
HPE,Hewlett Packard Enterprise Company,NYSE,$27.09B,$2800.43,Technology
JMF,Nuveen Energy MLP Total Return Fund,NYSE,$491.02M,$3221.67,n/a
SLAB,"Silicon Laboratories, Inc.",NASDAQ,$3B,$9568.31,Technology
ABTX,"Allegiance Bancshares, Inc.",NASDAQ,$514.79M,$2649.10,Finance
BBT^E,BB&T Corporation,NYSE,n/a,$6441.72,n/a
DEO,Diageo plc,NYSE,$76.6B,$9133.18,Consumer Non-Durables
CSOD,"Cornerstone OnDemand, Inc.",NASDAQ,$2.09B,$3317.11,Technology
O,Realty Income Corporation,NYSE,$15.47B,$2382.66,Consumer Services
GRAM,Grana y Montero S.A.A.,NYSE,$421.11M,$8117.26,Basic Industries
HBAN,Huntington Bancshares Incorporated,NASDAQ,$14.37B,$8539.48,Finance
TARO,Taro Pharmaceutical Industries Ltd.,NYSE,$4.57B,$9878.10,Health Care
TEP,"Tallgrass Energy Partners, LP",NYSE,$3.4B,$9737.66,Public Utilities
SLQD,iShares 0-5 Year Investment Grade Corporate Bond ETF,NASDAQ,$437.26M,$5832.13,n/a
OKTA,"Okta, Inc.",NASDAQ,$2.52B,$4862.93,Technology
INSM,"Insmed, Inc.",NASDAQ,$975.44M,$5362.85,Health Care
TV,Grupo Televisa S.A.,NYSE,$14.27B,$2911.96,Consumer Services
NDRA,ENDRA Life Sciences Inc.,NASDAQ,n/a,$1224.53,n/a
SBS,Companhia de saneamento Basico Do Estado De Sao Paulo - Sabesp,NYSE,$6.55B,$9330.30,Public Utilities
SGY,Stone Energy Corporation,NYSE,$470.4M,$9060.46,Energy
FRGI,"Fiesta Restaurant Group, Inc.",NASDAQ,$571.04M,$8801.95,Consumer Services
CCE,Coca-Cola European Partners plc,NYSE,$19.54B,$5620.23,Consumer Non-Durables
STI^E,"SunTrust Banks, Inc.",NYSE,n/a,$4295.17,n/a
RBS^H,Royal Bank Scotland plc (The),NYSE,n/a,$6694.66,Finance
FUND,"Sprott Focus Trust, Inc.",NASDAQ,$179.21M,$8001.21,n/a
PHII,"PHI, Inc.",NASDAQ,$158.76M,$1249.81,Transportation
ENV,"Envestnet, Inc",NYSE,$1.67B,$6601.21,Miscellaneous
FBK,FB Financial Corporation,NYSE,$877.03M,$3509.43,Finance
GIII,"G-III Apparel Group, LTD.",NASDAQ,$1.23B,$7277.06,Consumer Non-Durables
HOLX,"Hologic, Inc.",NASDAQ,$12.41B,$2505.61,Health Care
LHO^J,LaSalle Hotel Properties,NYSE,n/a,$7291.00,n/a
SAIA,"Saia, Inc.",NASDAQ,$1.27B,$9677.66,Transportation
GDL,The GDL Fund,NYSE,$186.14M,$6940.13,n/a
LFUS,"Littelfuse, Inc.",NASDAQ,$3.69B,$2305.38,Consumer Durables
MUH,"Blackrock MuniHoldings Fund II, Inc.",NYSE,$180.01M,$4481.42,n/a
KMPR,Kemper Corporation,NYSE,$2.05B,$2848.75,Finance
DE,Deere & Company,NYSE,$40.91B,$8860.94,Capital Goods
WFC^V,Wells Fargo & Company,NYSE,n/a,$3390.39,n/a
PCK,Pimco California Municipal Income Fund II,NYSE,$324.29M,$2312.74,n/a
SLRC,Solar Capital Ltd.,NASDAQ,$920.44M,$2902.80,n/a
HMC,"Honda Motor Company, Ltd.",NYSE,$50.21B,$3633.32,Capital Goods
GDS,GDS Holdings Limited,NASDAQ,$788.51M,$2962.56,Technology
BGIO,BlackRock 2022 Global Income Opportunity Trust,NYSE,$209.97M,$7319.03,n/a
REXR,"Rexford Industrial Realty, Inc.",NYSE,$1.84B,$3035.82,Consumer Services
CM,Canadian Imperial Bank of Commerce,NYSE,$32.39B,$4400.19,Finance
EZPW,"EZCORP, Inc.",NASDAQ,$491.34M,$8290.34,Consumer Services
PRQR,ProQR Therapeutics N.V.,NASDAQ,$118.13M,$7406.06,Health Care
ASGN,"On Assignment, Inc.",NYSE,$2.87B,$4110.61,Technology
FMY,First Trust,NYSE,$59.41M,$3504.06,n/a
DELTW,Delta Technology Holdings Limited,NASDAQ,n/a,$2853.56,Basic Industries
HIL,"Hill International, Inc.",NYSE,$251.61M,$8950.75,Consumer Services
STI,"SunTrust Banks, Inc.",NYSE,$27.15B,$2202.14,Finance
TTD,"The Trade Desk, Inc.",NASDAQ,$1.99B,$8635.30,Technology
NOW,"ServiceNow, Inc.",NYSE,$17.19B,$6687.95,Technology
KEY^I,KeyCorp,NYSE,n/a,$4551.78,n/a
WVVIP,"Willamette Valley Vineyards, Inc.",NASDAQ,n/a,$6061.05,Consumer Non-Durables
SMG,Scotts Miracle-Gro Company (The),NYSE,$5.23B,$3866.03,Basic Industries
LBF,"Scudder Global High Income Fund, Inc.",NYSE,$56.46M,$8093.06,n/a
APDNW,Applied DNA Sciences Inc,NASDAQ,n/a,$4391.31,Consumer Services
KOPN,Kopin Corporation,NASDAQ,$266.19M,$7922.28,Technology
DYSL,Dynasil Corporation of America,NASDAQ,$20.92M,$1359.69,Capital Goods
MNP,"Western Asset Municipal Partners Fund, Inc.",NYSE,$153.37M,$8681.31,n/a
UIS,Unisys Corporation,NYSE,$625.05M,$6453.40,Technology
TEAM,Atlassian Corporation Plc,NASDAQ,$7.84B,$9250.72,Technology
NTEST,NASDAQ TEST STOCK,NYSE,n/a,$1278.80,n/a
OPGN,"OpGen, Inc.",NASDAQ,$16.16M,$2277.47,Health Care
GGG,Graco Inc.,NYSE,$6.28B,$9974.08,Capital Goods
ALCO,"Alico, Inc.",NASDAQ,$261.12M,$1064.50,Consumer Non-Durables
GD,General Dynamics Corporation,NYSE,$61.14B,$8182.40,Capital Goods
CBPO,"China Biologic Products, Inc.",NASDAQ,$3B,$3090.00,Health Care
ALIM,"Alimera Sciences, Inc.",NASDAQ,$86.97M,$9053.13,Health Care
DNR,Denbury Resources Inc.,NYSE,$569.62M,$7517.86,Energy
MX,MagnaChip Semiconductor Corporation,NYSE,$305.6M,$3049.35,Technology
IONS,"Ionis Pharmaceuticals, Inc.",NASDAQ,$6.16B,$9117.71,Health Care
DNOW,NOW Inc.,NYSE,$1.86B,$4572.11,Energy
PSA^Z,Public Storage,NYSE,n/a,$7462.26,n/a
VSAT,"ViaSat, Inc.",NASDAQ,$3.9B,$3782.57,Technology
MS^F,Morgan Stanley,NYSE,n/a,$3991.65,n/a
CACI,"CACI International, Inc.",NYSE,$2.97B,$3336.53,Technology
SBBX,Sussex Bancorp,NASDAQ,$119.06M,$5736.66,Finance
GENE,Genetic Technologies Ltd,NASDAQ,$12.31M,$9867.28,Health Care
FORD,"Forward Industries, Inc.",NASDAQ,$9.57M,$2993.45,Consumer Non-Durables
HBNC,Horizon Bancorp (IN),NASDAQ,$580.2M,$3101.34,Finance
OFIX,Orthofix International N.V.,NASDAQ,$808.57M,$2299.27,Health Care
BIOP,"Bioptix, Inc",NASDAQ,$19.42M,$6739.73,Health Care
CRH,CRH PLC,NYSE,$30.09B,$1516.59,Capital Goods
MRVL,Marvell Technology Group Ltd.,NASDAQ,$8.71B,$2640.67,Technology
ELLI,"Ellie Mae, Inc.",NYSE,$3.79B,$2623.87,Technology
PRH,"Prudential Financial, Inc.",NYSE,n/a,$1169.66,Finance
MTU,Mitsubishi UFJ Financial Group Inc,NYSE,$87.97B,$1473.51,Finance
RDS.B,Royal Dutch Shell PLC,NYSE,n/a,$3454.91,n/a
BLPH,"Bellerophon Therapeutics, Inc.",NASDAQ,$43.74M,$4648.39,Health Care
SRF,Cushing Energy Income Fund (The),NYSE,$20.79M,$9093.25,n/a
NAN,Nuveen New York Quality Municipal Income Fund,NYSE,$434.22M,$5939.83,n/a
TTC,Toro Company (The),NYSE,$7.81B,$2536.09,Capital Goods
FSBC,"FSB Bancorp, Inc.",NASDAQ,$28.74M,$2920.30,Finance
KBWB,PowerShares KBW Bank Portfolio,NASDAQ,$833.52M,$5301.21,n/a
NYCB,"New York Community Bancorp, Inc.",NYSE,$6.5B,$4305.34,Finance
UTHR,United Therapeutics Corporation,NASDAQ,$5.85B,$5349.39,Health Care
FISI,"Financial Institutions, Inc.",NASDAQ,$443.54M,$5006.20,Finance
CCMP,Cabot Microelectronics Corporation,NASDAQ,$1.88B,$9439.93,Technology
USPH,"U.S. Physical Therapy, Inc.",NYSE,$787.59M,$8394.06,Health Care
CYRXW,"CryoPort, Inc.",NASDAQ,n/a,$6708.96,Transportation
VRSK,"Verisk Analytics, Inc.",NASDAQ,$13.75B,$6049.34,Technology
GAB^H,"Gabelli Equity Trust, Inc. (The)",NYSE,n/a,$5899.22,n/a
SLAB,"Silicon Laboratories, Inc.",NASDAQ,$3B,$1003.79,Technology
PDFS,"PDF Solutions, Inc.",NASDAQ,$527.78M,$2124.21,Technology
NTCT,"NetScout Systems, Inc.",NASDAQ,$3.3B,$8196.73,Technology
AUPH,Aurinia Pharmaceuticals Inc,NASDAQ,$495.07M,$3230.81,Health Care
ICL,Israel Chemicals Shs,NYSE,$5.6B,$6378.02,Basic Industries
ADBE,Adobe Systems Incorporated,NASDAQ,$68.19B,$8563.09,Technology
WMGIZ,Wright Medical Group N.V.,NASDAQ,n/a,$1367.54,Health Care
BRKS,"Brooks Automation, Inc.",NASDAQ,$1.73B,$3248.94,Technology
CBF,Capital Bank Financial Corp.,NASDAQ,$1.99B,$1014.97,Finance
LITE,Lumentum Holdings Inc.,NASDAQ,$3.86B,$2686.71,Consumer Durables
WSTG,"Wayside Technology Group, Inc.",NASDAQ,$88.91M,$2170.38,Technology
PFMT,Performant Financial Corporation,NASDAQ,$127.26M,$4005.27,Consumer Services
NOMD,Nomad Foods Limited,NYSE,$2.6B,$4060.31,Consumer Non-Durables
RACE,Ferrari N.V.,NYSE,$21.61B,$4941.82,Capital Goods
MPLX,MPLX LP,NYSE,$12.54B,$2515.05,Energy
FTI,TechnipFMC plc,NYSE,$12.87B,$8055.07,Energy
GVA,Granite Construction Incorporated,NYSE,$1.97B,$1947.92,Basic Industries
NMK^C,"Niagara Mohawk Holdings, Inc.",NYSE,n/a,$9749.41,Public Utilities
NATR,"Nature's Sunshine Products, Inc.",NASDAQ,$249.94M,$1910.45,Health Care
HOPE,"Hope Bancorp, Inc.",NASDAQ,$2.6B,$7285.96,Finance
PLXP,PLx Pharma Inc.,NASDAQ,$1.04M,$9774.18,Health Care
OSTK,"Overstock.com, Inc.",NASDAQ,$393.68M,$2088.43,Consumer Services
BIF,"USLIFE Income Fund, Inc.",NYSE,$1.02B,$7438.51,n/a
ADES,"Advanced Emissions Solutions, Inc.",NASDAQ,$215.37M,$7193.98,Basic Industries
BOXC,Brookfield Canada Office Properties,NYSE,$649.98M,$2282.93,Consumer Services
TWIN,"Twin Disc, Incorporated",NASDAQ,$194.79M,$4432.68,Technology
SPE^B,Special Opportunities Fund Inc.,NYSE,n/a,$8976.79,n/a
WUBA,58.com Inc.,NYSE,$5.96B,$5229.53,Technology
FARM,Farmer Brothers Company,NASDAQ,$517.13M,$9348.10,Consumer Non-Durables
HMTV,"Hemisphere Media Group, Inc.",NASDAQ,$484.37M,$8405.96,Consumer Services
PRTS,"U.S. Auto Parts Network, Inc.",NASDAQ,$107.35M,$1442.49,Consumer Services
USAP,"Universal Stainless & Alloy Products, Inc.",NASDAQ,$137.52M,$4084.53,Basic Industries
CETV,Central European Media Enterprises Ltd.,NASDAQ,$613.79M,$3694.68,Consumer Services
SJT,San Juan Basin Royalty Trust,NYSE,$324.86M,$1796.02,Energy
EVRI,Everi Holdings Inc.,NYSE,$467.31M,$3082.63,Finance
FITS,The Health and Fitness ETF,NASDAQ,$2.61M,$4647.62,n/a
FIX,"Comfort Systems USA, Inc.",NYSE,$1.33B,$6183.00,Capital Goods
PAA,"Plains All American Pipeline, L.P.",NYSE,$17.99B,$1758.39,Energy
EARS,Auris Medical Holding AG,NASDAQ,$30.59M,$3271.21,Health Care
BBBY,Bed Bath & Beyond Inc.,NASDAQ,$5.09B,$9583.03,Consumer Services
ALEX,"Alexander & Baldwin Holdings, Inc.",NYSE,$2.05B,$5970.12,Finance
MXF,"Mexico Fund, Inc. (The)",NYSE,$260.58M,$3923.41,n/a
DTYL,iPath US Treasury 10-year Bull ETN,NASDAQ,$5.27M,$3301.41,Finance
WLK,Westlake Chemical Corporation,NYSE,$8.21B,$6893.77,Basic Industries
WRB^B,W.R. Berkley Corporation,NYSE,n/a,$7272.60,n/a
KLIC,"Kulicke and Soffa Industries, Inc.",NASDAQ,$1.46B,$6423.47,Technology
HFC,HollyFrontier Corporation,NYSE,$4.66B,$2597.92,Energy
QNST,"QuinStreet, Inc.",NASDAQ,$181.85M,$2171.56,Miscellaneous
MHLD,"Maiden Holdings, Ltd.",NASDAQ,$982.38M,$3327.36,Finance
AFI,"Armstrong Flooring, Inc.",NYSE,$504.86M,$2575.50,Consumer Non-Durables
RDCM,Radcom Ltd.,NASDAQ,$229.93M,$3420.99,Technology
KATE,Kate Spade & Company,NYSE,$2.38B,$1964.17,Consumer Non-Durables
RENX,RELX N.V.,NYSE,$43.1B,$8362.83,Consumer Services
TZOO,Travelzoo,NASDAQ,$131.24M,$3394.43,Technology
JRO,Nuveen Floating Rate Income Opportuntiy Fund,NYSE,$461.83M,$5852.09,n/a
EAGL,Double Eagle Acquisition Corp.,NASDAQ,$628.13M,$5570.80,Finance
SMM,Salient Midstream & MLP Fund,NYSE,$199.02M,$9389.70,n/a
PXD,Pioneer Natural Resources Company,NYSE,$27.01B,$6980.92,Energy
ELOS,Syneron Medical Ltd.,NASDAQ,$385.8M,$9074.22,Health Care
OPXAW,"Opexa Therapeutics, Inc.",NASDAQ,n/a,$2172.23,Health Care
WCN,"Waste Connections, Inc.",NYSE,$26.41B,$7681.82,Public Utilities
IRMD,iRadimed Corporation,NASDAQ,$92.99M,$6171.76,Health Care
KONA,"Kona Grill, Inc.",NASDAQ,$33.83M,$2460.27,Consumer Services
GAB^D,"Gabelli Equity Trust, Inc. (The)",NYSE,n/a,$4710.24,n/a
GWR,"Genesee & Wyoming, Inc.",NYSE,$4.18B,$5963.25,Transportation
MEN,"Blackrock MuniEnhanced Fund, Inc.",NYSE,$352.17M,$8418.44,n/a
VNOM,Viper Energy Partners LP,NASDAQ,$1.59B,$6859.53,Energy
RYI,Ryerson Holding Corporation,NYSE,$332.73M,$6291.64,Basic Industries
XYL,Xylem Inc.,NYSE,$9.71B,$4508.42,Capital Goods
TNAV,"Telenav, Inc.",NASDAQ,$356.44M,$9062.57,Capital Goods
SGH,"SMART Global Holdings, Inc.",NASDAQ,$316.82M,$5576.81,Technology
BIOS,"BioScrip, Inc.",NASDAQ,$306.09M,$9595.09,Health Care
HFBL,"Home Federal Bancorp, Inc. of Louisiana",NASDAQ,$48.46M,$9261.70,Finance
PDCO,"Patterson Companies, Inc.",NASDAQ,$4.55B,$4729.19,Health Care
EXAS,Exact Sciences Corporation,NASDAQ,$3.59B,$7643.84,Health Care
MG,Mistras Group Inc,NYSE,$617.06M,$3989.19,Consumer Services
CYTX,Cytori Therapeutics Inc,NASDAQ,$31.83M,$7791.97,Health Care
COLM,Columbia Sportswear Company,NASDAQ,$3.94B,$7374.98,Consumer Non-Durables
PAYX,"Paychex, Inc.",NASDAQ,$21.95B,$6086.05,Consumer Services
BNTCW,Benitec Biopharma Limited,NASDAQ,n/a,$4336.92,Health Care
UVV,Universal Corporation,NYSE,$1.68B,$2254.89,Consumer Services
AOBC,American Outdoor Brands Corporation,NASDAQ,$1.38B,$7256.92,Capital Goods
MRVL,Marvell Technology Group Ltd.,NASDAQ,$8.71B,$1508.28,Technology
EXAS,Exact Sciences Corporation,NASDAQ,$3.59B,$7546.34,Health Care
QCOM,QUALCOMM Incorporated,NASDAQ,$83.95B,$7061.40,Technology
WSO.B,"Watsco, Inc.",NYSE,n/a,$2823.00,n/a
C^K,Citigroup Inc.,NYSE,n/a,$2182.96,Finance
LPNT,"LifePoint Health, Inc.",NASDAQ,$2.59B,$5338.41,Health Care
SOJB,Southern Company (The),NYSE,n/a,$7545.74,Public Utilities
WSCI,WSI Industries Inc.,NASDAQ,$8.47M,$4705.87,Technology
MGP,MGM Growth Properties LLC,NYSE,$1.68B,$9550.13,Consumer Services
UMH^A,"UMH Properties, Inc.",NYSE,n/a,$3485.34,n/a
PICO,PICO Holdings Inc.,NASDAQ,$386.6M,$7961.52,Finance
PRE^F,PartnerRe Ltd.,NYSE,n/a,$4125.43,n/a
LMOS,Lumos Networks Corp.,NASDAQ,$427.4M,$1791.18,Public Utilities
ACHN,"Achillion Pharmaceuticals, Inc.",NASDAQ,$578.34M,$9515.09,Health Care
MIIIU,M III Acquisition Corp.,NASDAQ,n/a,$5328.60,Finance
LGF.B,Lions Gate Entertainment Corporation,NYSE,n/a,$8177.86,n/a
JTA,Nuveen Tax-Advantaged Total Return Strategy Fund,NYSE,$174.98M,$9437.81,n/a
SCACU,Saban Capital Acquisition Corp.,NASDAQ,n/a,$8767.37,n/a
BC,Brunswick Corporation,NYSE,$5.37B,$7960.63,Energy
KTOVW,Kitov Pharmaceuticals Holdings Ltd.,NASDAQ,n/a,$1962.03,Health Care
SRRA,"Sierra Oncology, Inc.",NASDAQ,$59.59M,$5294.69,Health Care
VERI,"Veritone, Inc.",NASDAQ,$167.67M,$4839.30,Technology
ENOC,"EnerNOC, Inc.",NASDAQ,$179.44M,$3755.55,Technology
PSB^U,"PS Business Parks, Inc.",NYSE,n/a,$5659.17,n/a
XENT,"Intersect ENT, Inc.",NASDAQ,$749.53M,$4688.79,Health Care
MMAC,"MMA Capital Management, LLC",NASDAQ,$132.13M,$3002.96,Finance
SERV,"ServiceMaster Global Holdings, Inc.",NYSE,$5.33B,$3233.08,Consumer Services
KIRK,"Kirkland's, Inc.",NASDAQ,$147.55M,$3564.00,Consumer Services
DPLO,"Diplomat Pharmacy, Inc.",NYSE,$1.21B,$4536.39,Health Care
FOR,Forestar Group Inc,NYSE,$683.54M,$8817.81,Finance
BBL,BHP Billiton plc,NYSE,$79.44B,$6205.28,Energy
RBS^S,Royal Bank Scotland plc (The),NYSE,n/a,$9939.14,n/a
LTRX,"Lantronix, Inc.",NASDAQ,$40.45M,$3050.63,Technology
CFFI,C&F Financial Corporation,NASDAQ,$167.21M,$7408.64,Finance
NM^H,Navios Maritime Holdings Inc.,NYSE,n/a,$7295.05,n/a
WHF,"WhiteHorse Finance, Inc.",NASDAQ,$262.86M,$9881.62,n/a
CVG,Convergys Corporation,NYSE,$2.28B,$5807.50,Technology
ARLZ,Aralez Pharmaceuticals Inc.,NASDAQ,$79.48M,$4365.14,Health Care
VALE.P,VALE S.A.,NYSE,n/a,$4957.02,n/a
GVA,Granite Construction Incorporated,NYSE,$1.97B,$2701.73,Basic Industries
ACCO,Acco Brands Corporation,NYSE,$1.24B,$4651.67,Consumer Durables
JHG,Janus Henderson Group plc,NYSE,$367.06M,$7549.15,Finance
PCLN,The Priceline Group Inc. ,NASDAQ,$88.58B,$4877.31,Miscellaneous
SBAC,SBA Communications Corporation,NASDAQ,$16.14B,$8811.47,Consumer Services
ARDM,Aradigm Corporation,NASDAQ,$22.79M,$8601.01,Health Care
MTCH,"Match Group, Inc.",NASDAQ,$4.4B,$3277.14,Technology
PLSE,"Pulse Biosciences, Inc",NASDAQ,$494.01M,$6415.31,Health Care
QTRH,Quarterhill Inc.,NASDAQ,$175.49M,$1427.77,Miscellaneous
PRKR,"ParkerVision, Inc.",NASDAQ,$41.59M,$2660.03,Technology
CRC,California Resources Corporation,NYSE,$441.26M,$3518.73,Energy
LTC,"LTC Properties, Inc.",NYSE,$1.98B,$1428.51,Consumer Services
MMYT,MakeMyTrip Limited,NASDAQ,$1.6B,$6229.84,Consumer Services
AFSI,"AmTrust Financial Services, Inc.",NASDAQ,$2.76B,$9887.68,Finance
CDZI,"Cadiz, Inc.",NASDAQ,$299.37M,$6700.72,Public Utilities
EEMA,iShares MSCI Emerging Markets Asia Index Fund,NASDAQ,$356.59M,$9730.82,n/a
CGBD,"TCG BDC, Inc.",NASDAQ,n/a,$3064.82,n/a
MMDMU,Modern Media Acquisition Corp.,NASDAQ,n/a,$6742.96,Finance
CLBS,"Caladrius Biosciences, Inc.",NASDAQ,$40.32M,$1573.77,Health Care
FCFS,"First Cash, Inc.",NASDAQ,$2.69B,$3300.44,Consumer Services
PII,Polaris Industries Inc.,NYSE,$5.46B,$5587.79,Capital Goods
PENN,"Penn National Gaming, Inc.",NASDAQ,$1.95B,$7305.97,Consumer Services
DNB,Dun & Bradstreet Corporation (The),NYSE,$3.91B,$8386.63,Finance
SRCE,1st Source Corporation,NASDAQ,$1.27B,$1412.81,Finance
LPCN,Lipocine Inc.,NASDAQ,$74.57M,$8972.46,Health Care
BR,"Broadridge Financial Solutions, Inc.",NYSE,$8.86B,$5718.14,Miscellaneous
WFC^Y,Wells Fargo & Company,NYSE,n/a,$7785.49,n/a
CTMX,"CytomX Therapeutics, Inc.",NASDAQ,$499.8M,$1113.86,Health Care
TSM,Taiwan Semiconductor Manufacturing Company Ltd.,NYSE,$186.02B,$2325.43,Technology
